Column1,Column2,Column3
0.7645304502392621,0.42014001089324815,0.01886884617167295
0.9035690822155468,0.7837035042701972,0.9582171966829462
0.8713148426375512,0.4761457604447278,0.5936355816626995
0.7732532885488947,0.4996776868270919,0.1421759746631973
0.4727099433552765,0.2542695969985582,0.951337952736939
