,Column1,Column2,Column3,new
0,0.7645304502392621,0.4201400108932481,0.0188688461716729,1.5290609004785243
1,0.9035690822155468,0.7837035042701972,0.9582171966829462,1.8071381644310935
2,0.8713148426375512,0.4761457604447278,0.5936355816626995,1.7426296852751024
3,0.7732532885488947,0.4996776868270919,0.1421759746631973,1.5465065770977895
4,0.4727099433552765,0.2542695969985582,0.951337952736939,0.945419886710553
